index,time_sec,stage,dt_sec,left_step_mm,right_step_mm,sync_error_mm
1,35.900000,TRANSPORT,0.020000,0.420,0.503,0.083
2,35.920000,TRANSPORT,0.020000,0.421,0.451,0.030
3,35.940000,TRANSPORT,0.020000,0.000,0.000,0.000
4,35.960000,TRANSPORT,0.020000,0.427,0.387,0.040
5,35.980000,TRANSPORT,0.020000,0.000,0.000,0.000
6,35.998000,TRANSPORT,0.018000,0.496,0.462,0.034
7,36.020000,TRANSPORT,0.022000,0.674,0.621,0.054
8,36.040000,TRANSPORT,0.020000,0.000,0.000,0.000
9,36.060000,TRANSPORT,0.020000,0.610,0.558,0.053
10,36.082000,TRANSPORT,0.022000,0.000,0.000,0.000
11,36.100000,TRANSPORT,0.018000,0.507,0.452,0.055
12,36.120000,TRANSPORT,0.020000,0.487,0.447,0.040
13,36.140000,TRANSPORT,0.020000,0.000,0.000,0.000
14,36.160000,TRANSPORT,0.020000,0.453,0.428,0.025
15,36.176000,TRANSPORT,0.016000,0.000,0.000,0.000
16,36.200000,TRANSPORT,0.024000,0.468,0.441,0.028
17,36.220000,TRANSPORT,0.020000,0.547,0.560,0.013
18,36.240000,TRANSPORT,0.020000,0.000,0.000,0.000
19,36.258000,TRANSPORT,0.018000,0.579,0.598,0.018
20,36.280000,TRANSPORT,0.022000,0.000,0.000,0.000
21,36.294000,TRANSPORT,0.014000,0.638,0.661,0.023
22,36.320000,TRANSPORT,0.026000,0.807,0.822,0.015
23,36.336000,TRANSPORT,0.016000,0.000,0.000,0.000
24,36.360000,TRANSPORT,0.024000,0.943,0.949,0.006
25,36.380000,TRANSPORT,0.020000,0.000,0.000,0.000
26,36.400000,TRANSPORT,0.020000,1.007,1.015,0.008
27,36.420000,TRANSPORT,0.020000,1.197,1.199,0.002
28,36.440000,TRANSPORT,0.020000,0.000,0.000,0.000
29,36.460000,TRANSPORT,0.020000,1.327,1.328,0.002
30,36.480000,TRANSPORT,0.020000,0.000,0.000,0.000
31,36.500000,TRANSPORT,0.020000,1.358,1.361,0.003
32,36.520000,TRANSPORT,0.020000,1.461,1.459,0.001
33,36.536000,TRANSPORT,0.016000,0.000,0.000,0.000
34,36.560000,TRANSPORT,0.024000,1.665,1.665,0.001
35,36.578000,TRANSPORT,0.018000,0.000,0.000,0.000
36,36.596000,TRANSPORT,0.018000,1.781,1.780,0.001
37,36.620000,TRANSPORT,0.024000,1.897,1.894,0.003
38,36.640000,TRANSPORT,0.020000,0.000,0.000,0.000
39,36.660000,TRANSPORT,0.020000,2.009,2.009,0.001
40,36.682000,TRANSPORT,0.022000,0.000,0.000,0.000
41,36.700000,TRANSPORT,0.018000,2.016,1.974,0.041
42,36.720000,TRANSPORT,0.020000,2.162,2.078,0.084
43,36.740000,TRANSPORT,0.020000,0.000,0.000,0.000
44,36.758000,TRANSPORT,0.018000,2.575,2.478,0.097
45,36.780000,TRANSPORT,0.022000,0.000,0.000,0.000
46,36.800000,TRANSPORT,0.020000,2.395,2.312,0.083
47,36.820000,TRANSPORT,0.020000,2.472,2.409,0.063
48,36.840000,TRANSPORT,0.020000,0.000,0.000,0.000
49,36.858000,TRANSPORT,0.018000,2.723,2.654,0.069
50,36.880000,TRANSPORT,0.022000,0.000,0.000,0.000
51,36.896000,TRANSPORT,0.016000,2.845,2.765,0.081
52,36.920000,TRANSPORT,0.024000,2.970,2.890,0.080
53,36.938000,TRANSPORT,0.018000,0.000,0.000,0.000
54,36.958000,TRANSPORT,0.020000,3.079,3.005,0.073
55,36.978000,TRANSPORT,0.020000,0.000,0.000,0.000
56,37.000000,TRANSPORT,0.022000,2.990,2.927,0.063
57,37.020000,TRANSPORT,0.020000,3.260,3.200,0.060
58,37.040000,TRANSPORT,0.020000,0.000,0.000,0.000
59,37.060000,TRANSPORT,0.020000,3.125,3.083,0.043
60,37.080000,TRANSPORT,0.020000,0.000,0.000,0.000
61,37.100000,TRANSPORT,0.020000,3.170,3.135,0.034
62,37.120000,TRANSPORT,0.020000,3.413,3.383,0.031
63,37.140000,TRANSPORT,0.020000,0.000,0.000,0.000
64,37.160000,TRANSPORT,0.020000,3.457,3.434,0.023
65,37.180000,TRANSPORT,0.020000,0.000,0.000,0.000
66,37.198000,TRANSPORT,0.018000,3.498,3.479,0.019
67,37.218000,TRANSPORT,0.020000,3.518,3.519,0.001
68,37.240000,TRANSPORT,0.022000,0.000,0.000,0.000
69,37.258000,TRANSPORT,0.018000,3.327,3.317,0.010
70,37.280000,TRANSPORT,0.022000,0.000,0.000,0.000
71,37.300000,TRANSPORT,0.020000,3.747,3.733,0.014
72,37.320000,TRANSPORT,0.020000,3.318,3.314,0.004
73,37.340000,TRANSPORT,0.020000,0.000,0.000,0.000
74,37.360000,TRANSPORT,0.020000,3.443,3.533,0.090
75,37.378000,TRANSPORT,0.018000,0.000,0.000,0.000
76,37.400000,TRANSPORT,0.022000,2.782,2.861,0.079
77,37.420000,TRANSPORT,0.020000,3.757,3.787,0.030
78,37.438000,TRANSPORT,0.018000,0.000,0.000,0.000
79,37.460000,TRANSPORT,0.022000,3.280,3.327,0.047
80,37.482000,TRANSPORT,0.022000,0.000,0.000,0.000
81,37.498000,TRANSPORT,0.016000,3.050,3.036,0.014
82,37.520000,TRANSPORT,0.022000,3.132,3.165,0.033
83,37.538000,TRANSPORT,0.018000,0.000,0.000,0.000
84,37.558000,TRANSPORT,0.020000,3.099,3.026,0.073
85,37.582000,TRANSPORT,0.024000,0.000,0.000,0.000
86,37.600000,TRANSPORT,0.018000,2.796,2.790,0.005
87,37.618000,TRANSPORT,0.018000,2.644,2.730,0.086
88,37.638000,TRANSPORT,0.020000,0.000,0.000,0.000
89,37.660000,TRANSPORT,0.022000,2.682,2.774,0.091
90,37.678000,TRANSPORT,0.018000,0.000,0.000,0.000
91,37.698000,TRANSPORT,0.020000,2.426,2.475,0.048
92,37.720000,TRANSPORT,0.022000,2.625,2.628,0.002
93,37.740000,TRANSPORT,0.020000,0.000,0.000,0.000
94,37.760000,TRANSPORT,0.020000,1.807,1.816,0.009
95,37.780000,TRANSPORT,0.020000,0.000,0.000,0.000
96,37.800000,TRANSPORT,0.020000,2.626,2.644,0.018
97,37.820000,TRANSPORT,0.020000,2.119,2.080,0.039
98,37.840000,TRANSPORT,0.020000,0.000,0.000,0.000
99,37.860000,TRANSPORT,0.020000,1.486,1.526,0.040
100,37.880000,TRANSPORT,0.020000,0.000,0.000,0.000
101,37.900000,TRANSPORT,0.020000,2.200,2.274,0.075
102,37.920000,TRANSPORT,0.020000,1.525,1.568,0.043
103,37.938000,TRANSPORT,0.018000,0.000,0.000,0.000
104,37.962000,TRANSPORT,0.024000,1.403,1.431,0.029
105,37.980000,TRANSPORT,0.018000,0.000,0.000,0.000
106,38.002000,TRANSPORT,0.022000,1.375,1.363,0.013
107,38.020000,TRANSPORT,0.018000,1.156,1.151,0.006
108,38.040000,TRANSPORT,0.020000,0.000,0.000,0.000
109,38.060000,TRANSPORT,0.020000,1.129,1.137,0.008
110,38.078000,TRANSPORT,0.018000,0.000,0.000,0.000
111,38.098000,TRANSPORT,0.020000,0.850,0.885,0.035
112,38.120000,TRANSPORT,0.022000,0.758,0.782,0.023
113,38.140000,TRANSPORT,0.020000,0.000,0.000,0.000
114,38.160000,TRANSPORT,0.020000,0.574,0.649,0.075
115,38.178000,TRANSPORT,0.018000,0.000,0.000,0.000
116,38.198000,TRANSPORT,0.020000,0.405,0.462,0.057
117,38.220000,TRANSPORT,0.022000,0.288,0.322,0.034
118,38.240000,TRANSPORT,0.020000,0.000,0.000,0.000
119,38.260000,TRANSPORT,0.020000,0.264,0.291,0.026
120,38.280000,TRANSPORT,0.020000,0.000,0.000,0.000
121,38.300000,TRANSPORT,0.020000,0.138,0.194,0.056
122,38.320000,TRANSPORT,0.020000,0.099,0.139,0.040
123,38.340000,TRANSPORT,0.020000,0.000,0.000,0.000
124,38.360000,TRANSPORT,0.020000,0.108,0.132,0.024
125,38.380000,TRANSPORT,0.020000,0.000,0.000,0.000
126,38.400000,ROTATE,0.020000,0.081,0.081,0.000
127,38.420000,ROTATE,0.020000,0.049,0.083,0.034
128,38.440000,ROTATE,0.020000,0.000,0.000,0.000
129,38.460000,ROTATE,0.020000,0.055,0.084,0.029
130,38.480000,ROTATE,0.020000,0.000,0.000,0.000
131,38.500000,ROTATE,0.020000,0.053,0.035,0.018
132,38.520000,ROTATE,0.020000,0.050,0.027,0.023
133,38.540000,ROTATE,0.020000,0.000,0.000,0.000
134,38.558000,ROTATE,0.018000,0.136,0.121,0.015
135,38.580000,ROTATE,0.022000,0.000,0.000,0.000
136,38.598000,ROTATE,0.018000,0.477,0.420,0.057
137,38.620000,ROTATE,0.022000,0.677,0.615,0.062
138,38.640000,ROTATE,0.020000,0.000,0.000,0.000
139,38.658000,ROTATE,0.018000,0.889,0.793,0.096
140,38.680000,ROTATE,0.022000,0.000,0.000,0.000
141,38.700000,ROTATE,0.020000,0.847,0.763,0.084
142,38.720000,ROTATE,0.020000,0.752,0.671,0.082
143,38.740000,ROTATE,0.020000,0.000,0.000,0.000
144,38.760000,ROTATE,0.020000,0.725,0.652,0.073
145,38.780000,ROTATE,0.020000,0.000,0.000,0.000
146,38.800000,ROTATE,0.020000,0.613,0.559,0.054
147,38.820000,ROTATE,0.020000,0.602,0.544,0.058
148,38.840000,ROTATE,0.020000,0.000,0.000,0.000
149,38.860000,ROTATE,0.020000,0.546,0.479,0.067
150,38.880000,ROTATE,0.020000,0.000,0.000,0.000
151,38.898000,ROTATE,0.018000,0.466,0.394,0.072
152,38.920000,ROTATE,0.022000,0.465,0.380,0.085
153,38.940000,ROTATE,0.020000,0.000,0.000,0.000
154,38.960000,ROTATE,0.020000,0.452,0.371,0.080
155,38.980000,ROTATE,0.020000,0.000,0.000,0.000
156,39.000000,ROTATE,0.020000,0.423,0.361,0.062
157,39.016000,ROTATE,0.016000,0.450,0.405,0.045
158,39.040000,ROTATE,0.024000,0.000,0.000,0.000
159,39.060000,ROTATE,0.020000,0.455,0.428,0.027
160,39.078000,ROTATE,0.018000,0.000,0.000,0.000
161,39.100000,ROTATE,0.022000,0.436,0.422,0.013
162,39.118000,ROTATE,0.018000,0.474,0.467,0.006
163,39.140000,ROTATE,0.022000,0.000,0.000,0.000
164,39.156000,ROTATE,0.016000,0.484,0.483,0.001
165,39.178000,ROTATE,0.022000,0.000,0.000,0.000
166,39.196000,ROTATE,0.018000,0.465,0.466,0.001
167,39.220000,ROTATE,0.024000,0.503,0.503,0.000
168,39.238000,ROTATE,0.018000,0.000,0.000,0.000
169,39.260000,ROTATE,0.022000,0.509,0.510,0.000
170,39.280000,ROTATE,0.020000,0.000,0.000,0.000
171,39.302000,ROTATE,0.022000,0.515,0.513,0.002
172,39.316000,ROTATE,0.014000,0.489,0.486,0.004
173,39.342000,ROTATE,0.026000,0.000,0.000,0.000
174,39.362000,ROTATE,0.020000,0.461,0.456,0.005
175,39.380000,ROTATE,0.018000,0.000,0.000,0.000
176,39.402000,ROTATE,0.022000,0.561,0.556,0.006
177,39.422000,ROTATE,0.020000,0.526,0.526,0.001
178,39.438000,ROTATE,0.016000,0.000,0.000,0.000
179,39.460000,ROTATE,0.022000,0.600,0.594,0.006
180,39.478000,ROTATE,0.018000,0.000,0.000,0.000
181,39.500000,ROTATE,0.022000,0.584,0.582,0.002
182,39.520000,ROTATE,0.020000,0.557,0.533,0.024
183,39.540000,ROTATE,0.020000,0.000,0.000,0.000
184,39.560000,ROTATE,0.020000,0.574,0.555,0.019
185,39.580000,ROTATE,0.020000,0.000,0.000,0.000
186,39.598000,ROTATE,0.018000,0.553,0.553,0.000
187,39.620000,ROTATE,0.022000,0.521,0.506,0.015
188,39.640000,ROTATE,0.020000,0.000,0.000,0.000
189,39.660000,ROTATE,0.020000,0.533,0.513,0.020
190,39.680000,ROTATE,0.020000,0.000,0.000,0.000
191,39.700000,ROTATE,0.020000,0.494,0.475,0.018
192,39.720000,ROTATE,0.020000,0.515,0.515,0.000
193,39.740000,ROTATE,0.020000,0.000,0.000,0.000
194,39.760000,ROTATE,0.020000,0.595,0.584,0.011
195,39.780000,ROTATE,0.020000,0.000,0.000,0.000
196,39.802000,ROTATE,0.022000,0.502,0.488,0.015
197,39.822000,ROTATE,0.020000,0.544,0.525,0.019
198,39.840000,ROTATE,0.018000,0.000,0.000,0.000
199,39.858000,ROTATE,0.018000,0.545,0.541,0.004
200,39.878000,ROTATE,0.020000,0.000,0.000,0.000
201,39.900000,ROTATE,0.022000,0.509,0.500,0.010
202,39.920000,ROTATE,0.020000,0.559,0.553,0.007
203,39.942000,ROTATE,0.022000,0.000,0.000,0.000
204,39.960000,ROTATE,0.018000,0.573,0.559,0.015
205,39.980000,ROTATE,0.020000,0.000,0.000,0.000
206,40.000000,ROTATE,0.020000,0.545,0.542,0.003
207,40.018000,ROTATE,0.018000,0.581,0.558,0.023
208,40.040000,ROTATE,0.022000,0.000,0.000,0.000
209,40.060000,ROTATE,0.020000,0.590,0.556,0.034
210,40.078000,ROTATE,0.018000,0.000,0.000,0.000
211,40.102000,ROTATE,0.024000,0.513,0.489,0.024
212,40.118000,ROTATE,0.016000,0.610,0.586,0.025
213,40.138000,ROTATE,0.020000,0.000,0.000,0.000
214,40.160000,ROTATE,0.022000,0.560,0.543,0.017
215,40.176000,ROTATE,0.016000,0.000,0.000,0.000
216,40.200000,ROTATE,0.024000,0.469,0.459,0.010
217,40.220000,ROTATE,0.020000,0.631,0.619,0.012
218,40.240000,ROTATE,0.020000,0.000,0.000,0.000
219,40.256000,ROTATE,0.016000,0.497,0.484,0.013
220,40.280000,ROTATE,0.024000,0.000,0.000,0.000
221,40.300000,ROTATE,0.020000,0.629,0.601,0.028
222,40.320000,ROTATE,0.020000,0.513,0.508,0.006
223,40.340000,ROTATE,0.020000,0.000,0.000,0.000
224,40.360000,ROTATE,0.020000,0.530,0.535,0.004
225,40.380000,ROTATE,0.020000,0.000,0.000,0.000
226,40.400000,ROTATE,0.020000,0.613,0.598,0.015
227,40.420000,ROTATE,0.020000,0.544,0.532,0.012
228,40.440000,ROTATE,0.020000,0.000,0.000,0.000
229,40.460000,ROTATE,0.020000,0.581,0.561,0.020
230,40.482000,ROTATE,0.022000,0.000,0.000,0.000
231,40.498000,ROTATE,0.016000,0.545,0.522,0.022
232,40.518000,ROTATE,0.020000,0.574,0.560,0.014
233,40.540000,ROTATE,0.022000,0.000,0.000,0.000
234,40.560000,ROTATE,0.020000,0.577,0.556,0.021
235,40.580000,ROTATE,0.020000,0.000,0.000,0.000
236,40.600000,ROTATE,0.020000,0.571,0.558,0.013
237,40.620000,ROTATE,0.020000,0.538,0.527,0.010
238,40.632000,ROTATE,0.012000,0.000,0.000,0.000
239,40.660000,ROTATE,0.028000,0.572,0.556,0.016
240,40.680000,ROTATE,0.020000,0.000,0.000,0.000
241,40.696000,ROTATE,0.016000,0.534,0.530,0.005
242,40.720000,ROTATE,0.024000,0.571,0.562,0.009
243,40.740000,ROTATE,0.020000,0.000,0.000,0.000
244,40.760000,ROTATE,0.020000,0.536,0.526,0.010
245,40.780000,ROTATE,0.020000,0.000,0.000,0.000
246,40.796000,ROTATE,0.016000,0.601,0.600,0.001
247,40.820000,ROTATE,0.024000,0.538,0.530,0.008
248,40.836000,ROTATE,0.016000,0.000,0.000,0.000
249,40.860000,ROTATE,0.024000,0.534,0.531,0.004
250,40.878000,ROTATE,0.018000,0.000,0.000,0.000
251,40.900000,ROTATE,0.022000,0.502,0.502,0.000
252,40.920000,ROTATE,0.020000,0.639,0.632,0.007
253,40.942000,ROTATE,0.022000,0.000,0.000,0.000
254,40.960000,ROTATE,0.018000,0.536,0.537,0.001
255,40.980000,ROTATE,0.020000,0.000,0.000,0.000
256,41.002000,ROTATE,0.022000,0.573,0.570,0.003
257,41.020000,ROTATE,0.018000,0.435,0.435,0.000
258,41.038000,ROTATE,0.018000,0.000,0.000,0.000
259,41.060000,ROTATE,0.022000,0.662,0.656,0.006
260,41.080000,ROTATE,0.020000,0.000,0.000,0.000
261,41.100000,ROTATE,0.020000,0.549,0.536,0.013
262,41.122000,ROTATE,0.022000,0.490,0.479,0.011
263,41.134000,ROTATE,0.012000,0.000,0.000,0.000
264,41.160000,ROTATE,0.026000,0.523,0.510,0.013
265,41.180000,ROTATE,0.020000,0.000,0.000,0.000
266,41.198000,ROTATE,0.018000,0.432,0.413,0.018
267,41.220000,ROTATE,0.022000,0.374,0.358,0.016
268,41.240000,ROTATE,0.020000,0.000,0.000,0.000
269,41.260000,ROTATE,0.020000,0.387,0.370,0.016
270,41.278000,ROTATE,0.018000,0.000,0.000,0.000
271,41.300000,ROTATE,0.022000,0.328,0.305,0.023
272,41.320000,ROTATE,0.020000,0.337,0.315,0.022
273,41.338000,ROTATE,0.018000,0.000,0.000,0.000
274,41.360000,ROTATE,0.022000,0.232,0.209,0.023
275,41.380000,ROTATE,0.020000,0.000,0.000,0.000
276,41.400000,ROTATE,0.020000,0.230,0.203,0.027
277,41.420000,ROTATE,0.020000,0.170,0.145,0.025
278,41.440000,ROTATE,0.020000,0.000,0.000,0.000
279,41.460000,ROTATE,0.020000,0.153,0.129,0.024
280,41.478000,ROTATE,0.018000,0.000,0.000,0.000
281,41.500000,ROTATE,0.022000,0.112,0.096,0.016
282,41.520000,ROTATE,0.020000,0.074,0.061,0.013
283,41.540000,ROTATE,0.020000,0.000,0.000,0.000
284,41.556000,ROTATE,0.016000,0.078,0.066,0.012
285,41.580000,ROTATE,0.024000,0.000,0.000,0.000
286,41.600000,ROTATE,0.020000,0.044,0.060,0.016
287,41.618000,ROTATE,0.018000,0.059,0.062,0.003
288,41.636000,ROTATE,0.018000,0.000,0.000,0.000
289,41.660000,ROTATE,0.024000,0.051,0.078,0.027
290,41.680000,ROTATE,0.020000,0.000,0.000,0.000
291,41.700000,ROTATE,0.020000,0.071,0.071,0.001
292,41.720000,ROTATE,0.020000,0.061,0.031,0.030
293,41.740000,ROTATE,0.020000,0.000,0.000,0.000
294,41.754000,ROTATE,0.014000,0.044,0.021,0.023
295,41.778000,ROTATE,0.024000,0.000,0.000,0.000
296,41.800000,ROTATE,0.022000,0.036,0.029,0.007
297,41.822000,ROTATE,0.022000,0.119,0.111,0.008
298,41.840000,ROTATE,0.018000,0.000,0.000,0.000
299,41.860000,ROTATE,0.020000,0.457,0.477,0.020
300,41.878000,ROTATE,0.018000,0.000,0.000,0.000
301,41.900000,ROTATE,0.022000,0.620,0.650,0.031
302,41.920000,ROTATE,0.020000,0.688,0.729,0.041
303,41.940000,ROTATE,0.020000,0.000,0.000,0.000
304,41.958000,ROTATE,0.018000,0.711,0.759,0.049
305,41.976000,ROTATE,0.018000,0.000,0.000,0.000
306,41.998000,ROTATE,0.022000,0.589,0.623,0.035
307,42.012000,ROTATE,0.014000,0.470,0.508,0.037
308,42.040000,ROTATE,0.028000,0.000,0.000,0.000
309,42.060000,ROTATE,0.020000,0.374,0.393,0.019
310,42.076000,ROTATE,0.016000,0.000,0.000,0.000
311,42.100000,ROTATE,0.024000,0.243,0.234,0.009
312,42.120000,ROTATE,0.020000,0.142,0.163,0.020
313,42.138000,ROTATE,0.018000,0.000,0.000,0.000
314,42.162000,ROTATE,0.024000,0.190,0.250,0.060
315,42.180000,ROTATE,0.018000,0.000,0.000,0.000
316,42.196000,ROTATE,0.016000,0.415,0.526,0.111
317,42.222000,ROTATE,0.026000,0.506,0.592,0.086
318,42.240000,ROTATE,0.018000,0.000,0.000,0.000
319,42.260000,ROTATE,0.020000,0.552,0.629,0.076
320,42.280000,ROTATE,0.020000,0.000,0.000,0.000
321,42.298000,ROTATE,0.018000,0.634,0.745,0.110
322,42.320000,ROTATE,0.022000,0.501,0.617,0.116
323,42.340000,ROTATE,0.020000,0.000,0.000,0.000
324,42.360000,ROTATE,0.020000,0.536,0.690,0.154
325,42.380000,ROTATE,0.020000,0.000,0.000,0.000
326,42.402000,ROTATE,0.022000,0.452,0.582,0.130
327,42.420000,ROTATE,0.018000,0.391,0.514,0.123
328,42.440000,ROTATE,0.020000,0.000,0.000,0.000
329,42.460000,ROTATE,0.020000,0.373,0.496,0.123
330,42.480000,ROTATE,0.020000,0.000,0.000,0.000
331,42.498000,ROTATE,0.018000,0.426,0.552,0.127
332,42.520000,ROTATE,0.022000,0.400,0.495,0.094
333,42.540000,ROTATE,0.020000,0.000,0.000,0.000
334,42.560000,ROTATE,0.020000,0.427,0.503,0.076
335,42.580000,ROTATE,0.020000,0.000,0.000,0.000
336,42.600000,ROTATE,0.020000,0.483,0.543,0.060
337,42.620000,ROTATE,0.020000,0.508,0.548,0.040
338,42.638000,ROTATE,0.018000,0.000,0.000,0.000
339,42.660000,ROTATE,0.022000,0.527,0.551,0.024
340,42.680000,ROTATE,0.020000,0.000,0.000,0.000
341,42.702000,ROTATE,0.022000,0.508,0.522,0.014
342,42.720000,ROTATE,0.018000,0.483,0.491,0.008
343,42.740000,ROTATE,0.020000,0.000,0.000,0.000
344,42.760000,ROTATE,0.020000,0.616,0.623,0.007
345,42.776000,ROTATE,0.016000,0.000,0.000,0.000
346,42.798000,ROTATE,0.022000,0.455,0.460,0.005
347,42.820000,ROTATE,0.022000,0.617,0.624,0.007
348,42.838000,ROTATE,0.018000,0.000,0.000,0.000
349,42.862000,ROTATE,0.024000,0.551,0.558,0.007
350,42.882000,ROTATE,0.020000,0.000,0.000,0.000
351,42.900000,ROTATE,0.018000,0.518,0.527,0.009
352,42.918000,ROTATE,0.018000,0.548,0.561,0.013
353,42.940000,ROTATE,0.022000,0.000,0.000,0.000
354,42.960000,ROTATE,0.020000,0.514,0.528,0.014
355,42.978000,ROTATE,0.018000,0.000,0.000,0.000
356,43.000000,ROTATE,0.022000,0.544,0.561,0.017
357,43.020000,ROTATE,0.020000,0.479,0.495,0.016
358,43.040000,ROTATE,0.020000,0.000,0.000,0.000
359,43.060000,ROTATE,0.020000,0.542,0.560,0.018
360,43.080000,ROTATE,0.020000,0.000,0.000,0.000
361,43.096000,ROTATE,0.016000,0.572,0.592,0.019
362,43.120000,ROTATE,0.024000,0.508,0.525,0.017
363,43.140000,ROTATE,0.020000,0.000,0.000,0.000
364,43.158000,ROTATE,0.018000,0.538,0.557,0.019
365,43.180000,ROTATE,0.022000,0.000,0.000,0.000
366,43.200000,ROTATE,0.020000,0.538,0.555,0.017
367,43.222000,ROTATE,0.022000,0.507,0.520,0.014
368,43.240000,ROTATE,0.018000,0.000,0.000,0.000
369,43.260000,ROTATE,0.020000,0.569,0.583,0.014
370,43.280000,ROTATE,0.020000,0.000,0.000,0.000
371,43.300000,ROTATE,0.020000,0.537,0.546,0.009
372,43.322000,ROTATE,0.022000,0.507,0.513,0.006
373,43.340000,ROTATE,0.018000,0.000,0.000,0.000
374,43.360000,ROTATE,0.020000,0.539,0.545,0.006
375,43.380000,ROTATE,0.020000,0.000,0.000,0.000
376,43.398000,ROTATE,0.018000,0.507,0.511,0.005
377,43.420000,ROTATE,0.022000,0.536,0.543,0.006
378,43.440000,ROTATE,0.020000,0.000,0.000,0.000
379,43.456000,ROTATE,0.016000,0.504,0.509,0.004
380,43.478000,ROTATE,0.022000,0.000,0.000,0.000
381,43.496000,ROTATE,0.018000,0.535,0.540,0.005
382,43.520000,ROTATE,0.024000,0.533,0.539,0.006
383,43.540000,ROTATE,0.020000,0.000,0.000,0.000
384,43.562000,ROTATE,0.022000,0.500,0.505,0.005
385,43.580000,ROTATE,0.018000,0.000,0.000,0.000
386,43.600000,ROTATE,0.020000,0.532,0.535,0.003
387,43.620000,ROTATE,0.020000,0.530,0.535,0.005
388,43.642000,ROTATE,0.022000,0.000,0.000,0.000
389,43.658000,ROTATE,0.016000,0.529,0.534,0.005
390,43.676000,ROTATE,0.018000,0.000,0.000,0.000
391,43.700000,ROTATE,0.024000,0.404,0.406,0.003
392,43.718000,ROTATE,0.018000,0.619,0.624,0.005
393,43.740000,ROTATE,0.022000,0.000,0.000,0.000
394,43.760000,ROTATE,0.020000,0.526,0.529,0.004
395,43.780000,ROTATE,0.020000,0.000,0.000,0.000
396,43.800000,ROTATE,0.020000,0.493,0.496,0.003
397,43.820000,ROTATE,0.020000,0.524,0.526,0.002
398,43.838000,ROTATE,0.018000,0.000,0.000,0.000
399,43.860000,ROTATE,0.022000,0.492,0.494,0.003
400,43.880000,ROTATE,0.020000,0.000,0.000,0.000
401,43.900000,ROTATE,0.020000,0.521,0.524,0.003
402,43.920000,ROTATE,0.020000,0.520,0.523,0.002
403,43.940000,ROTATE,0.020000,0.000,0.000,0.000
404,43.960000,ROTATE,0.020000,0.488,0.490,0.002
405,43.980000,ROTATE,0.020000,0.000,0.000,0.000
406,43.998000,ROTATE,0.018000,0.488,0.491,0.003
407,44.020000,ROTATE,0.022000,0.517,0.521,0.004
408,44.038000,ROTATE,0.018000,0.000,0.000,0.000
409,44.062000,ROTATE,0.024000,0.545,0.550,0.005
410,44.078000,ROTATE,0.016000,0.000,0.000,0.000
411,44.100000,ROTATE,0.022000,0.514,0.519,0.005
412,44.120000,ROTATE,0.020000,0.422,0.425,0.003
413,44.140000,ROTATE,0.020000,0.000,0.000,0.000
414,44.160000,ROTATE,0.020000,0.510,0.516,0.006
415,44.178000,ROTATE,0.018000,0.000,0.000,0.000
416,44.200000,ROTATE,0.022000,0.540,0.544,0.005
417,44.220000,ROTATE,0.020000,0.509,0.514,0.005
418,44.240000,ROTATE,0.020000,0.000,0.000,0.000
419,44.260000,ROTATE,0.020000,0.477,0.483,0.005
420,44.280000,ROTATE,0.020000,0.000,0.000,0.000
421,44.300000,ROTATE,0.020000,0.506,0.511,0.006
422,44.320000,ROTATE,0.020000,0.504,0.511,0.006
423,44.338000,ROTATE,0.018000,0.000,0.000,0.000
424,44.360000,ROTATE,0.022000,0.503,0.509,0.006
425,44.382000,ROTATE,0.022000,0.000,0.000,0.000
426,44.398000,ROTATE,0.016000,0.471,0.478,0.007
427,44.418000,ROTATE,0.020000,0.500,0.506,0.006
428,44.440000,ROTATE,0.022000,0.000,0.000,0.000
429,44.458000,ROTATE,0.018000,0.499,0.507,0.008
430,44.480000,ROTATE,0.022000,0.000,0.000,0.000
431,44.500000,ROTATE,0.020000,0.466,0.473,0.007
432,44.520000,ROTATE,0.020000,0.485,0.491,0.005
433,44.540000,ROTATE,0.020000,0.000,0.000,0.000
434,44.560000,ROTATE,0.020000,0.464,0.466,0.003
435,44.580000,ROTATE,0.020000,0.000,0.000,0.000
436,44.600000,ROTATE,0.020000,0.435,0.435,0.001
437,44.622000,ROTATE,0.022000,0.377,0.375,0.002
438,44.640000,ROTATE,0.018000,0.000,0.000,0.000
439,44.660000,ROTATE,0.020000,0.362,0.360,0.002
440,44.678000,ROTATE,0.018000,0.000,0.000,0.000
441,44.700000,ROTATE,0.022000,0.265,0.264,0.001
442,44.720000,ROTATE,0.020000,0.309,0.308,0.000
443,44.740000,ROTATE,0.020000,0.000,0.000,0.000
444,44.760000,ROTATE,0.020000,0.214,0.214,0.000
445,44.780000,ROTATE,0.020000,0.000,0.000,0.000
446,44.802000,ROTATE,0.022000,0.180,0.178,0.002
447,44.820000,ROTATE,0.018000,0.128,0.127,0.001
448,44.840000,ROTATE,0.020000,0.000,0.000,0.000
449,44.860000,ROTATE,0.020000,0.103,0.102,0.001
450,44.878000,ROTATE,0.018000,0.000,0.000,0.000
451,44.902000,ROTATE,0.024000,0.080,0.080,0.001
452,44.918000,ROTATE,0.016000,0.061,0.058,0.003
453,44.940000,ROTATE,0.022000,0.000,0.000,0.000
454,44.960000,ROTATE,0.020000,0.072,0.060,0.012
455,44.978000,ROTATE,0.018000,0.000,0.000,0.000
456,44.998000,ROTATE,0.020000,0.063,0.044,0.019
457,45.018000,ROTATE,0.020000,0.066,0.040,0.026
458,45.038000,ROTATE,0.020000,0.000,0.000,0.000
459,45.058000,ROTATE,0.020000,0.076,0.045,0.031
460,45.080000,ROTATE,0.022000,0.000,0.000,0.000
461,45.100000,ROTATE,0.020000,0.074,0.043,0.031
462,45.118000,ROTATE,0.018000,0.071,0.041,0.029
463,45.140000,ROTATE,0.022000,0.000,0.000,0.000
464,45.154000,ROTATE,0.014000,0.076,0.042,0.034
465,45.180000,ROTATE,0.026000,0.000,0.000,0.000
466,45.200000,ROTATE,0.020000,0.070,0.039,0.031
467,45.220000,ROTATE,0.020000,0.075,0.040,0.035
468,45.240000,ROTATE,0.020000,0.000,0.000,0.000
469,45.260000,ROTATE,0.020000,0.171,0.178,0.007
470,45.276000,ROTATE,0.016000,0.000,0.000,0.000
471,45.302000,ROTATE,0.026000,0.337,0.396,0.059
472,45.318000,ROTATE,0.016000,0.718,0.864,0.146
473,45.340000,ROTATE,0.022000,0.000,0.000,0.000
474,45.358000,ROTATE,0.018000,0.674,0.826,0.152
475,45.378000,ROTATE,0.020000,0.000,0.000,0.000
476,45.400000,ROTATE,0.022000,0.601,0.743,0.142
477,45.418000,ROTATE,0.018000,0.397,0.494,0.098
478,45.440000,ROTATE,0.022000,0.000,0.000,0.000
479,45.460000,ROTATE,0.020000,0.578,0.730,0.152
480,45.480000,ROTATE,0.020000,0.000,0.000,0.000
481,45.500000,ROTATE,0.020000,0.290,0.372,0.082
482,45.520000,ROTATE,0.020000,0.175,0.243,0.067
483,45.542000,ROTATE,0.022000,0.000,0.000,0.000
484,45.560000,ROTATE,0.018000,0.127,0.189,0.062
485,45.580000,ROTATE,0.020000,0.000,0.000,0.000
486,45.600000,ROTATE,0.020000,0.244,0.327,0.083
487,45.620000,ROTATE,0.020000,0.320,0.431,0.111
488,45.640000,ROTATE,0.020000,0.000,0.000,0.000
489,45.660000,ROTATE,0.020000,0.450,0.623,0.173
490,45.678000,ROTATE,0.018000,0.000,0.000,0.000
491,45.700000,ROTATE,0.022000,0.511,0.714,0.202
492,45.720000,ROTATE,0.020000,0.541,0.750,0.210
493,45.738000,ROTATE,0.018000,0.000,0.000,0.000
494,45.760000,ROTATE,0.022000,0.535,0.732,0.197
495,45.780000,ROTATE,0.020000,0.000,0.000,0.000
496,45.798000,ROTATE,0.018000,0.509,0.683,0.173
497,45.820000,ROTATE,0.022000,0.453,0.586,0.133
498,45.840000,ROTATE,0.020000,0.000,0.000,0.000
499,45.860000,ROTATE,0.020000,0.434,0.530,0.096
500,45.880000,ROTATE,0.020000,0.000,0.000,0.000
501,45.900000,ROTATE,0.020000,0.450,0.510,0.060
502,45.920000,ROTATE,0.020000,0.446,0.471,0.025
503,45.936000,ROTATE,0.016000,0.000,0.000,0.000
504,45.960000,ROTATE,0.024000,0.424,0.425,0.001
505,45.976000,ROTATE,0.016000,0.000,0.000,0.000
506,46.000000,ROTATE,0.024000,0.457,0.446,0.011
507,46.020000,ROTATE,0.020000,0.465,0.450,0.015
508,46.038000,ROTATE,0.018000,0.000,0.000,0.000
509,46.060000,ROTATE,0.022000,0.472,0.459,0.013
510,46.080000,ROTATE,0.020000,0.000,0.000,0.000
511,46.100000,ROTATE,0.020000,0.448,0.439,0.009
512,46.120000,ROTATE,0.020000,0.477,0.472,0.005
513,46.140000,ROTATE,0.020000,0.000,0.000,0.000
514,46.156000,ROTATE,0.016000,0.478,0.476,0.002
515,46.180000,ROTATE,0.024000,0.000,0.000,0.000
516,46.200000,ROTATE,0.020000,0.448,0.450,0.002
517,46.220000,ROTATE,0.020000,0.473,0.480,0.006
518,46.238000,ROTATE,0.018000,0.000,0.000,0.000
519,46.258000,ROTATE,0.020000,0.470,0.478,0.007
520,46.278000,ROTATE,0.020000,0.000,0.000,0.000
521,46.300000,ROTATE,0.022000,0.414,0.419,0.005
522,46.320000,ROTATE,0.020000,0.467,0.473,0.006
523,46.340000,ROTATE,0.020000,0.000,0.000,0.000
524,46.358000,ROTATE,0.018000,0.466,0.472,0.005
525,46.378000,ROTATE,0.020000,0.000,0.000,0.000
526,46.402000,ROTATE,0.024000,0.438,0.443,0.005
527,46.420000,ROTATE,0.018000,0.491,0.495,0.004
528,46.440000,ROTATE,0.020000,0.000,0.000,0.000
529,46.460000,ROTATE,0.020000,0.408,0.410,0.001
530,46.480000,ROTATE,0.020000,0.000,0.000,0.000
531,46.500000,ROTATE,0.020000,0.490,0.492,0.002
532,46.522000,ROTATE,0.022000,0.434,0.437,0.002
533,46.542000,ROTATE,0.020000,0.000,0.000,0.000
534,46.558000,ROTATE,0.016000,0.487,0.490,0.004
535,46.580000,ROTATE,0.022000,0.000,0.000,0.000
536,46.600000,ROTATE,0.020000,0.431,0.434,0.003
537,46.620000,ROTATE,0.020000,0.403,0.405,0.001
538,46.638000,ROTATE,0.018000,0.000,0.000,0.000
539,46.658000,ROTATE,0.020000,0.457,0.457,0.000
540,46.678000,ROTATE,0.020000,0.000,0.000,0.000
541,46.700000,ROTATE,0.022000,0.484,0.483,0.001
542,46.718000,ROTATE,0.018000,0.455,0.456,0.001
543,46.736000,ROTATE,0.018000,0.000,0.000,0.000
544,46.760000,ROTATE,0.024000,0.454,0.455,0.001
545,46.780000,ROTATE,0.020000,0.000,0.000,0.000
546,46.800000,ROTATE,0.020000,0.426,0.428,0.003
547,46.820000,ROTATE,0.020000,0.450,0.454,0.005
548,46.842000,ROTATE,0.022000,0.000,0.000,0.000
549,46.854000,ROTATE,0.012000,0.448,0.453,0.005
550,46.882000,ROTATE,0.028000,0.000,0.000,0.000
551,46.900000,ROTATE,0.018000,0.421,0.424,0.003
552,46.920000,ROTATE,0.020000,0.446,0.449,0.003
553,46.940000,ROTATE,0.020000,0.000,0.000,0.000
554,46.958000,ROTATE,0.018000,0.394,0.395,0.001
555,46.980000,ROTATE,0.022000,0.000,0.000,0.000
556,46.998000,ROTATE,0.018000,0.472,0.472,0.000
557,47.020000,ROTATE,0.022000,0.419,0.419,0.000
558,47.040000,ROTATE,0.020000,0.000,0.000,0.000
559,47.058000,ROTATE,0.018000,0.443,0.444,0.001
560,47.080000,ROTATE,0.022000,0.000,0.000,0.000
561,47.100000,ROTATE,0.020000,0.416,0.416,0.000
562,47.120000,ROTATE,0.020000,0.441,0.442,0.001
563,47.140000,ROTATE,0.020000,0.000,0.000,0.000
564,47.162000,ROTATE,0.022000,0.362,0.363,0.001
565,47.180000,ROTATE,0.018000,0.000,0.000,0.000
566,47.202000,ROTATE,0.022000,0.515,0.517,0.002
567,47.222000,ROTATE,0.020000,0.437,0.441,0.004
568,47.240000,ROTATE,0.018000,0.000,0.000,0.000
569,47.260000,ROTATE,0.020000,0.434,0.439,0.004
570,47.280000,ROTATE,0.020000,0.000,0.000,0.000
571,47.298000,ROTATE,0.018000,0.407,0.412,0.005
572,47.318000,ROTATE,0.020000,0.432,0.436,0.004
573,47.338000,ROTATE,0.020000,0.000,0.000,0.000
574,47.358000,ROTATE,0.020000,0.405,0.410,0.005
575,47.380000,ROTATE,0.022000,0.000,0.000,0.000
576,47.398000,ROTATE,0.018000,0.429,0.432,0.003
577,47.420000,ROTATE,0.022000,0.430,0.431,0.001
578,47.440000,ROTATE,0.020000,0.000,0.000,0.000
579,47.460000,ROTATE,0.020000,0.427,0.430,0.003
580,47.478000,ROTATE,0.018000,0.000,0.000,0.000
581,47.500000,ROTATE,0.022000,0.351,0.352,0.000
582,47.520000,ROTATE,0.020000,0.452,0.453,0.001
583,47.542000,ROTATE,0.022000,0.000,0.000,0.000
584,47.558000,ROTATE,0.016000,0.449,0.453,0.004
585,47.572000,ROTATE,0.014000,0.000,0.000,0.000
586,47.598000,ROTATE,0.026000,0.323,0.326,0.003
587,47.620000,ROTATE,0.022000,0.495,0.500,0.005
588,47.640000,ROTATE,0.020000,0.000,0.000,0.000
589,47.660000,ROTATE,0.020000,0.395,0.399,0.003
590,47.680000,ROTATE,0.020000,0.000,0.000,0.000
591,47.698000,ROTATE,0.018000,0.418,0.422,0.004
592,47.720000,ROTATE,0.022000,0.393,0.396,0.003
593,47.740000,ROTATE,0.020000,0.000,0.000,0.000
594,47.760000,ROTATE,0.020000,0.418,0.419,0.002
595,47.780000,ROTATE,0.020000,0.000,0.000,0.000
596,47.800000,ROTATE,0.020000,0.439,0.442,0.003
597,47.822000,ROTATE,0.022000,0.389,0.392,0.003
598,47.840000,ROTATE,0.018000,0.000,0.000,0.000
599,47.860000,ROTATE,0.020000,0.413,0.415,0.001
600,47.880000,ROTATE,0.020000,0.000,0.000,0.000
601,47.900000,ROTATE,0.020000,0.389,0.390,0.002
602,47.916000,ROTATE,0.016000,0.410,0.413,0.002
603,47.940000,ROTATE,0.024000,0.000,0.000,0.000
604,47.958000,ROTATE,0.018000,0.408,0.412,0.004
605,47.978000,ROTATE,0.020000,0.000,0.000,0.000
606,47.998000,ROTATE,0.020000,0.383,0.386,0.002
607,48.018000,ROTATE,0.020000,0.406,0.409,0.002
608,48.038000,ROTATE,0.020000,0.000,0.000,0.000
609,48.058000,ROTATE,0.020000,0.334,0.336,0.002
610,48.078000,ROTATE,0.020000,0.000,0.000,0.000
611,48.098000,ROTATE,0.020000,0.428,0.431,0.004
612,48.118000,ROTATE,0.020000,0.425,0.430,0.004
613,48.140000,ROTATE,0.022000,0.000,0.000,0.000
614,48.162000,ROTATE,0.022000,0.378,0.381,0.003
615,48.180000,ROTATE,0.018000,0.000,0.000,0.000
616,48.198000,ROTATE,0.018000,0.376,0.379,0.003
617,48.220000,ROTATE,0.022000,0.422,0.425,0.003
618,48.240000,ROTATE,0.020000,0.000,0.000,0.000
619,48.256000,ROTATE,0.016000,0.350,0.354,0.003
620,48.280000,ROTATE,0.024000,0.000,0.000,0.000
621,48.300000,ROTATE,0.020000,0.419,0.422,0.003
622,48.320000,ROTATE,0.020000,0.395,0.396,0.001
623,48.338000,ROTATE,0.018000,0.000,0.000,0.000
624,48.360000,ROTATE,0.022000,0.371,0.372,0.001
625,48.380000,ROTATE,0.020000,0.000,0.000,0.000
626,48.398000,ROTATE,0.018000,0.392,0.392,0.000
627,48.418000,ROTATE,0.020000,0.392,0.393,0.000
628,48.438000,ROTATE,0.020000,0.000,0.000,0.000
629,48.458000,ROTATE,0.020000,0.389,0.390,0.001
630,48.480000,ROTATE,0.022000,0.000,0.000,0.000
631,48.498000,ROTATE,0.018000,0.380,0.380,0.000
632,48.520000,ROTATE,0.022000,0.344,0.341,0.003
633,48.540000,ROTATE,0.020000,0.000,0.000,0.000
634,48.560000,ROTATE,0.020000,0.304,0.300,0.004
635,48.580000,ROTATE,0.020000,0.000,0.000,0.000
636,48.600000,ROTATE,0.020000,0.337,0.329,0.008
637,48.620000,ROTATE,0.020000,0.288,0.279,0.010
638,48.640000,ROTATE,0.020000,0.000,0.000,0.000
639,48.660000,ROTATE,0.020000,0.242,0.231,0.012
640,48.678000,ROTATE,0.018000,0.000,0.000,0.000
641,48.700000,ROTATE,0.022000,0.197,0.187,0.010
642,48.720000,ROTATE,0.020000,0.222,0.203,0.019
643,48.740000,ROTATE,0.020000,0.000,0.000,0.000
644,48.758000,ROTATE,0.018000,0.141,0.127,0.014
645,48.780000,ROTATE,0.022000,0.000,0.000,0.000
646,48.798000,ROTATE,0.018000,0.139,0.118,0.021
647,48.820000,ROTATE,0.022000,0.114,0.082,0.033
648,48.840000,ROTATE,0.020000,0.000,0.000,0.000
649,48.858000,ROTATE,0.018000,0.105,0.064,0.041
650,48.878000,ROTATE,0.020000,0.000,0.000,0.000
651,48.900000,ROTATE,0.022000,0.080,0.041,0.039
652,48.920000,ROTATE,0.020000,0.093,0.043,0.050
653,48.940000,ROTATE,0.020000,0.000,0.000,0.000
654,48.960000,ROTATE,0.020000,0.094,0.039,0.056
655,48.978000,ROTATE,0.018000,0.000,0.000,0.000
656,49.000000,ROTATE,0.022000,0.083,0.034,0.049
657,49.020000,ROTATE,0.020000,0.080,0.033,0.047
658,49.040000,ROTATE,0.020000,0.000,0.000,0.000
659,49.060000,ROTATE,0.020000,0.071,0.029,0.042
660,49.082000,ROTATE,0.022000,0.000,0.000,0.000
661,49.098000,ROTATE,0.016000,0.077,0.032,0.045
662,49.120000,ROTATE,0.022000,0.058,0.026,0.032
663,49.138000,ROTATE,0.018000,0.000,0.000,0.000
664,49.158000,ROTATE,0.020000,0.095,0.039,0.056
665,49.178000,ROTATE,0.020000,0.000,0.000,0.000
666,49.202000,ROTATE,0.024000,0.065,0.025,0.040
667,49.220000,ROTATE,0.018000,0.076,0.032,0.044
668,49.242000,ROTATE,0.022000,0.000,0.000,0.000
669,49.258000,DESCEND,0.016000,0.065,0.028,0.037
670,49.282000,DESCEND,0.024000,0.000,0.000,0.000
671,49.300000,DESCEND,0.018000,0.080,0.033,0.046
672,49.320000,DESCEND,0.020000,0.065,0.025,0.040
673,49.342000,DESCEND,0.022000,0.000,0.000,0.000
674,49.356000,DESCEND,0.014000,0.064,0.025,0.039
675,49.382000,DESCEND,0.026000,0.000,0.000,0.000
676,49.400000,DESCEND,0.018000,0.132,0.162,0.030
677,49.420000,DESCEND,0.020000,0.414,0.558,0.144
678,49.440000,DESCEND,0.020000,0.000,0.000,0.000
679,49.458000,DESCEND,0.018000,0.554,0.766,0.212
680,49.480000,DESCEND,0.022000,0.000,0.000,0.000
681,49.502000,DESCEND,0.022000,0.639,0.891,0.252
682,49.518000,DESCEND,0.016000,0.755,1.050,0.295
683,49.540000,DESCEND,0.022000,0.000,0.000,0.000
684,49.560000,DESCEND,0.020000,0.662,0.917,0.254
685,49.582000,DESCEND,0.022000,0.000,0.000,0.000
686,49.602000,DESCEND,0.020000,0.670,0.922,0.252
687,49.620000,DESCEND,0.018000,0.553,0.758,0.205
688,49.640000,DESCEND,0.020000,0.000,0.000,0.000
689,49.660000,DESCEND,0.020000,0.647,0.882,0.235
690,49.680000,DESCEND,0.020000,0.000,0.000,0.000
691,49.702000,DESCEND,0.022000,0.514,0.695,0.181
692,49.720000,DESCEND,0.018000,0.497,0.657,0.159
693,49.740000,DESCEND,0.020000,0.000,0.000,0.000
694,49.760000,DESCEND,0.020000,0.431,0.540,0.109
695,49.778000,DESCEND,0.018000,0.000,0.000,0.000
696,49.800000,DESCEND,0.022000,0.555,0.656,0.101
697,49.820000,DESCEND,0.020000,0.533,0.594,0.061
698,49.840000,DESCEND,0.020000,0.000,0.000,0.000
699,49.860000,DESCEND,0.020000,0.585,0.622,0.037
700,49.880000,DESCEND,0.020000,0.000,0.000,0.000
701,49.900000,DESCEND,0.020000,0.583,0.598,0.015
702,49.920000,DESCEND,0.020000,0.623,0.624,0.002
703,49.942000,DESCEND,0.022000,0.000,0.000,0.000
704,49.960000,DESCEND,0.018000,0.670,0.666,0.005
705,49.978000,DESCEND,0.018000,0.000,0.000,0.000
706,50.000000,DESCEND,0.022000,0.682,0.673,0.008
707,50.020000,DESCEND,0.020000,0.734,0.724,0.010
708,50.042000,DESCEND,0.022000,0.000,0.000,0.000
709,50.060000,DESCEND,0.018000,0.886,0.877,0.009
710,50.080000,DESCEND,0.020000,0.000,0.000,0.000
711,50.100000,DESCEND,0.020000,0.837,0.834,0.003
712,50.118000,DESCEND,0.018000,0.933,0.934,0.001
713,50.140000,DESCEND,0.022000,0.000,0.000,0.000
714,50.158000,DESCEND,0.018000,0.855,0.860,0.005
715,50.178000,DESCEND,0.020000,0.000,0.000,0.000
716,50.200000,DESCEND,0.022000,1.059,1.068,0.009
717,50.220000,DESCEND,0.020000,0.905,0.914,0.009
718,50.240000,DESCEND,0.020000,0.000,0.000,0.000
719,50.256000,DESCEND,0.016000,1.170,1.182,0.012
720,50.280000,DESCEND,0.024000,0.000,0.000,0.000
721,50.300000,DESCEND,0.020000,1.002,1.010,0.008
722,50.320000,DESCEND,0.020000,1.076,1.085,0.009
723,50.340000,DESCEND,0.020000,0.000,0.000,0.000
724,50.360000,DESCEND,0.020000,1.021,1.029,0.008
725,50.380000,DESCEND,0.020000,0.000,0.000,0.000
726,50.400000,DESCEND,0.020000,1.094,1.100,0.006
727,50.420000,DESCEND,0.020000,1.101,1.104,0.003
728,50.436000,DESCEND,0.016000,0.000,0.000,0.000
729,50.458000,DESCEND,0.022000,1.108,1.110,0.002
730,50.480000,DESCEND,0.022000,0.000,0.000,0.000
731,50.500000,DESCEND,0.020000,1.116,1.113,0.004
732,50.518000,DESCEND,0.018000,0.988,0.995,0.007
733,50.538000,DESCEND,0.020000,0.000,0.000,0.000
734,50.558000,DESCEND,0.020000,1.199,1.201,0.002
735,50.580000,DESCEND,0.022000,0.000,0.000,0.000
736,50.600000,DESCEND,0.020000,1.071,1.068,0.003
737,50.620000,DESCEND,0.020000,1.077,1.069,0.008
738,50.640000,DESCEND,0.020000,0.000,0.000,0.000
739,50.660000,DESCEND,0.020000,1.081,1.072,0.009
740,50.680000,DESCEND,0.020000,0.000,0.000,0.000
741,50.700000,DESCEND,0.020000,1.226,1.212,0.014
742,50.720000,DESCEND,0.020000,0.961,0.956,0.006
743,50.738000,DESCEND,0.018000,0.000,0.000,0.000
744,50.760000,DESCEND,0.022000,1.320,1.322,0.002
745,50.780000,DESCEND,0.020000,0.000,0.000,0.000
746,50.800000,DESCEND,0.020000,1.188,1.196,0.008
747,50.812000,DESCEND,0.012000,1.059,1.055,0.004
748,50.840000,DESCEND,0.028000,0.000,0.000,0.000
749,50.860000,DESCEND,0.020000,1.277,1.269,0.009
750,50.880000,DESCEND,0.020000,0.000,0.000,0.000
751,50.898000,DESCEND,0.018000,1.217,1.201,0.016
752,50.920000,DESCEND,0.022000,1.224,1.209,0.016
753,50.940000,DESCEND,0.020000,0.000,0.000,0.000
754,50.958000,DESCEND,0.018000,1.163,1.143,0.019
755,50.980000,DESCEND,0.022000,0.000,0.000,0.000
756,51.000000,DESCEND,0.020000,1.247,1.227,0.021
757,51.020000,DESCEND,0.020000,1.252,1.248,0.004
758,51.040000,DESCEND,0.020000,0.000,0.000,0.000
759,51.058000,DESCEND,0.018000,1.262,1.267,0.005
760,51.080000,DESCEND,0.022000,0.000,0.000,0.000
761,51.100000,DESCEND,0.020000,1.201,1.200,0.001
762,51.122000,DESCEND,0.022000,1.287,1.301,0.013
763,51.138000,DESCEND,0.016000,0.000,0.000,0.000
764,51.160000,DESCEND,0.022000,1.222,1.235,0.013
765,51.180000,DESCEND,0.020000,0.000,0.000,0.000
766,51.198000,DESCEND,0.018000,1.389,1.400,0.011
767,51.214000,DESCEND,0.016000,1.168,1.174,0.006
768,51.236000,DESCEND,0.022000,0.000,0.000,0.000
769,51.260000,DESCEND,0.024000,1.414,1.403,0.010
770,51.282000,DESCEND,0.022000,0.000,0.000,0.000
771,51.302000,DESCEND,0.020000,1.259,1.263,0.004
772,51.320000,DESCEND,0.018000,1.354,1.340,0.014
773,51.338000,DESCEND,0.018000,0.000,0.000,0.000
774,51.360000,DESCEND,0.022000,1.363,1.341,0.022
775,51.380000,DESCEND,0.020000,0.000,0.000,0.000
776,51.400000,DESCEND,0.020000,1.287,1.278,0.009
777,51.420000,DESCEND,0.020000,1.220,1.203,0.017
778,51.440000,DESCEND,0.020000,0.000,0.000,0.000
779,51.460000,DESCEND,0.020000,1.548,1.558,0.010
780,51.478000,DESCEND,0.018000,0.000,0.000,0.000
781,51.500000,DESCEND,0.022000,1.160,1.172,0.012
782,51.520000,DESCEND,0.020000,1.585,1.607,0.022
783,51.542000,DESCEND,0.022000,0.000,0.000,0.000
784,51.562000,DESCEND,0.020000,1.446,1.444,0.002
785,51.580000,DESCEND,0.018000,0.000,0.000,0.000
786,51.600000,DESCEND,0.020000,1.282,1.288,0.006
787,51.620000,DESCEND,0.020000,1.459,1.450,0.009
788,51.638000,DESCEND,0.018000,0.000,0.000,0.000
789,51.660000,DESCEND,0.022000,1.467,1.443,0.024
790,51.680000,DESCEND,0.020000,0.000,0.000,0.000
791,51.696000,DESCEND,0.016000,1.471,1.457,0.014
792,51.716000,DESCEND,0.020000,1.310,1.296,0.014
793,51.740000,DESCEND,0.024000,0.000,0.000,0.000
794,51.760000,DESCEND,0.020000,1.665,1.669,0.004
795,51.782000,DESCEND,0.022000,0.000,0.000,0.000
796,51.800000,DESCEND,0.018000,1.423,1.409,0.013
797,51.822000,DESCEND,0.022000,1.516,1.525,0.009
798,51.840000,DESCEND,0.018000,0.000,0.000,0.000
799,51.856000,DESCEND,0.016000,1.539,1.554,0.014
800,51.878000,DESCEND,0.022000,0.000,0.000,0.000
801,51.900000,DESCEND,0.022000,1.292,1.291,0.000
802,51.920000,DESCEND,0.020000,1.672,1.675,0.003
803,51.942000,DESCEND,0.022000,0.000,0.000,0.000
804,51.954000,DESCEND,0.012000,1.578,1.594,0.017
805,51.980000,DESCEND,0.026000,0.000,0.000,0.000
806,52.000000,DESCEND,0.020000,1.601,1.605,0.004
807,52.020000,DESCEND,0.020000,1.611,1.604,0.007
808,52.042000,DESCEND,0.022000,0.000,0.000,0.000
809,52.060000,DESCEND,0.018000,1.430,1.413,0.017
810,52.080000,DESCEND,0.020000,0.000,0.000,0.000
811,52.100000,DESCEND,0.020000,1.732,1.710,0.023
812,52.122000,DESCEND,0.022000,1.643,1.653,0.010
813,52.140000,DESCEND,0.018000,0.000,0.000,0.000
814,52.158000,DESCEND,0.018000,1.564,1.554,0.010
815,52.180000,DESCEND,0.022000,0.000,0.000,0.000
816,52.200000,DESCEND,0.020000,1.674,1.654,0.020
817,52.220000,DESCEND,0.020000,1.685,1.673,0.012
818,52.240000,DESCEND,0.020000,0.000,0.000,0.000
819,52.260000,DESCEND,0.020000,1.503,1.489,0.014
820,52.280000,DESCEND,0.020000,0.000,0.000,0.000
821,52.300000,DESCEND,0.020000,1.734,1.716,0.018
822,52.318000,DESCEND,0.018000,1.639,1.648,0.010
823,52.340000,DESCEND,0.022000,0.000,0.000,0.000
824,52.360000,DESCEND,0.020000,1.851,1.875,0.024
825,52.380000,DESCEND,0.020000,0.000,0.000,0.000
826,52.400000,DESCEND,0.020000,1.657,1.681,0.024
827,52.420000,DESCEND,0.020000,1.786,1.797,0.011
828,52.436000,DESCEND,0.016000,0.000,0.000,0.000
829,52.460000,DESCEND,0.024000,1.911,1.914,0.003
830,52.480000,DESCEND,0.020000,0.000,0.000,0.000
831,52.502000,DESCEND,0.022000,1.713,1.700,0.013
832,52.518000,DESCEND,0.016000,1.832,1.819,0.013
833,52.540000,DESCEND,0.022000,0.000,0.000,0.000
834,52.558000,DESCEND,0.018000,1.738,1.722,0.017
835,52.576000,DESCEND,0.018000,0.000,0.000,0.000
836,52.602000,DESCEND,0.026000,1.862,1.846,0.016
837,52.622000,DESCEND,0.020000,1.766,1.763,0.003
838,52.640000,DESCEND,0.018000,0.000,0.000,0.000
839,52.658000,DESCEND,0.018000,1.894,1.891,0.003
840,52.680000,DESCEND,0.022000,0.000,0.000,0.000
841,52.702000,DESCEND,0.022000,1.908,1.919,0.011
842,52.722000,DESCEND,0.020000,1.927,1.942,0.014
843,52.738000,DESCEND,0.016000,0.000,0.000,0.000
844,52.756000,DESCEND,0.018000,1.953,1.945,0.008
845,52.782000,DESCEND,0.026000,0.000,0.000,0.000
846,52.800000,DESCEND,0.018000,1.848,1.850,0.002
847,52.822000,DESCEND,0.022000,1.982,1.965,0.017
848,52.838000,DESCEND,0.016000,0.000,0.000,0.000
849,52.860000,DESCEND,0.022000,1.879,1.851,0.028
850,52.882000,DESCEND,0.022000,0.000,0.000,0.000
851,52.900000,DESCEND,0.018000,2.010,1.976,0.034
852,52.920000,DESCEND,0.020000,2.023,1.993,0.031
853,52.940000,DESCEND,0.020000,0.000,0.000,0.000
854,52.960000,DESCEND,0.020000,1.907,1.896,0.010
855,52.980000,DESCEND,0.020000,0.000,0.000,0.000
856,53.000000,DESCEND,0.020000,2.025,2.027,0.002
857,53.020000,DESCEND,0.020000,1.777,1.805,0.029
858,53.040000,DESCEND,0.020000,0.000,0.000,0.000
859,53.056000,DESCEND,0.016000,2.128,2.140,0.012
860,53.080000,DESCEND,0.024000,0.000,0.000,0.000
861,53.102000,DESCEND,0.022000,1.991,1.992,0.001
862,53.120000,DESCEND,0.018000,1.847,1.851,0.003
863,53.140000,DESCEND,0.020000,0.000,0.000,0.000
864,53.160000,DESCEND,0.020000,2.043,2.051,0.009
865,53.178000,DESCEND,0.018000,0.000,0.000,0.000
866,53.200000,DESCEND,0.022000,1.783,1.789,0.006
867,53.220000,DESCEND,0.020000,1.859,1.863,0.004
868,53.242000,DESCEND,0.022000,0.000,0.000,0.000
869,53.258000,DESCEND,0.016000,1.609,1.616,0.007
870,53.280000,DESCEND,0.022000,0.000,0.000,0.000
871,53.302000,DESCEND,0.022000,1.995,2.012,0.018
872,53.320000,DESCEND,0.018000,1.546,1.554,0.009
873,53.340000,DESCEND,0.020000,0.000,0.000,0.000
874,53.356000,DESCEND,0.016000,1.722,1.731,0.009
875,53.380000,DESCEND,0.024000,0.000,0.000,0.000
876,53.400000,DESCEND,0.020000,1.594,1.596,0.002
877,53.420000,DESCEND,0.020000,1.761,1.771,0.011
878,53.440000,DESCEND,0.020000,0.000,0.000,0.000
879,53.460000,DESCEND,0.020000,1.443,1.462,0.019
880,53.480000,DESCEND,0.020000,0.000,0.000,0.000
881,53.500000,DESCEND,0.020000,1.710,1.722,0.012
882,53.520000,DESCEND,0.020000,1.599,1.588,0.010
883,53.540000,DESCEND,0.020000,0.000,0.000,0.000
884,53.560000,DESCEND,0.020000,1.580,1.562,0.018
885,53.576000,DESCEND,0.016000,0.000,0.000,0.000
886,53.600000,DESCEND,0.024000,1.377,1.362,0.015
887,53.620000,DESCEND,0.020000,1.635,1.618,0.017
888,53.638000,DESCEND,0.018000,0.000,0.000,0.000
889,53.658000,DESCEND,0.020000,1.518,1.532,0.014
890,53.680000,DESCEND,0.022000,0.000,0.000,0.000
891,53.702000,DESCEND,0.022000,1.419,1.430,0.011
892,53.720000,DESCEND,0.018000,1.500,1.492,0.008
893,53.740000,DESCEND,0.020000,0.000,0.000,0.000
894,53.760000,DESCEND,0.020000,1.315,1.301,0.014
895,53.780000,DESCEND,0.020000,0.000,0.000,0.000
896,53.800000,DESCEND,0.020000,1.479,1.462,0.017
897,53.820000,DESCEND,0.020000,1.380,1.365,0.016
898,53.840000,DESCEND,0.020000,0.000,0.000,0.000
899,53.858000,DESCEND,0.018000,1.541,1.528,0.013
900,53.880000,DESCEND,0.022000,0.000,0.000,0.000
901,53.900000,DESCEND,0.020000,1.442,1.439,0.003
902,53.920000,DESCEND,0.020000,1.435,1.424,0.010
903,53.940000,DESCEND,0.020000,0.000,0.000,0.000
904,53.962000,DESCEND,0.022000,1.426,1.413,0.013
905,53.982000,DESCEND,0.020000,0.000,0.000,0.000
906,54.000000,DESCEND,0.018000,1.333,1.325,0.009
907,54.020000,DESCEND,0.020000,1.327,1.316,0.011
908,54.040000,DESCEND,0.020000,0.000,0.000,0.000
909,54.062000,DESCEND,0.022000,1.404,1.393,0.012
910,54.080000,DESCEND,0.018000,0.000,0.000,0.000
911,54.100000,DESCEND,0.020000,1.388,1.410,0.022
912,54.122000,DESCEND,0.022000,1.387,1.394,0.007
913,54.142000,DESCEND,0.020000,0.000,0.000,0.000
914,54.160000,DESCEND,0.018000,1.385,1.378,0.007
915,54.180000,DESCEND,0.020000,0.000,0.000,0.000
916,54.198000,DESCEND,0.018000,1.217,1.208,0.009
917,54.220000,DESCEND,0.022000,1.449,1.458,0.009
918,54.242000,DESCEND,0.022000,0.000,0.000,0.000
919,54.258000,DESCEND,0.016000,1.368,1.365,0.003
920,54.280000,DESCEND,0.022000,0.000,0.000,0.000
921,54.300000,DESCEND,0.020000,1.205,1.193,0.011
922,54.322000,DESCEND,0.022000,1.439,1.426,0.014
923,54.338000,DESCEND,0.016000,0.000,0.000,0.000
924,54.358000,DESCEND,0.020000,1.115,1.104,0.011
925,54.380000,DESCEND,0.022000,0.000,0.000,0.000
926,54.400000,DESCEND,0.020000,1.427,1.421,0.006
927,54.420000,DESCEND,0.020000,1.419,1.432,0.013
928,54.440000,DESCEND,0.020000,0.000,0.000,0.000
929,54.458000,DESCEND,0.018000,1.184,1.182,0.003
930,54.474000,DESCEND,0.016000,0.000,0.000,0.000
931,54.500000,DESCEND,0.026000,1.183,1.175,0.009
932,54.520000,DESCEND,0.020000,1.575,1.559,0.016
933,54.540000,DESCEND,0.020000,0.000,0.000,0.000
934,54.560000,DESCEND,0.020000,1.334,1.322,0.012
935,54.580000,DESCEND,0.020000,0.000,0.000,0.000
936,54.600000,DESCEND,0.020000,1.176,1.162,0.014
937,54.620000,DESCEND,0.020000,1.328,1.317,0.012
938,54.640000,DESCEND,0.020000,0.000,0.000,0.000
939,54.656000,DESCEND,0.016000,1.400,1.412,0.012
940,54.680000,DESCEND,0.024000,0.000,0.000,0.000
941,54.700000,DESCEND,0.020000,1.246,1.247,0.001
942,54.720000,DESCEND,0.020000,1.325,1.317,0.009
943,54.740000,DESCEND,0.020000,0.000,0.000,0.000
944,54.760000,DESCEND,0.020000,1.247,1.235,0.013
945,54.780000,DESCEND,0.020000,0.000,0.000,0.000
946,54.802000,DESCEND,0.022000,1.322,1.311,0.011
947,54.822000,DESCEND,0.020000,1.243,1.231,0.012
948,54.840000,DESCEND,0.018000,0.000,0.000,0.000
949,54.860000,DESCEND,0.020000,1.398,1.383,0.015
950,54.878000,DESCEND,0.018000,0.000,0.000,0.000
951,54.900000,DESCEND,0.022000,1.317,1.308,0.009
952,54.920000,DESCEND,0.020000,1.240,1.229,0.011
953,54.938000,DESCEND,0.018000,0.000,0.000,0.000
954,54.958000,DESCEND,0.020000,1.162,1.153,0.009
955,54.982000,DESCEND,0.024000,0.000,0.000,0.000
956,55.002000,DESCEND,0.020000,1.394,1.382,0.013
957,55.020000,DESCEND,0.018000,1.239,1.228,0.010
958,55.040000,DESCEND,0.020000,0.000,0.000,0.000
959,55.058000,DESCEND,0.018000,1.389,1.402,0.013
960,55.080000,DESCEND,0.022000,0.000,0.000,0.000
961,55.102000,DESCEND,0.022000,1.235,1.249,0.014
962,55.122000,DESCEND,0.020000,1.241,1.237,0.004
963,55.140000,DESCEND,0.018000,0.000,0.000,0.000
964,55.160000,DESCEND,0.020000,1.397,1.386,0.012
965,55.180000,DESCEND,0.020000,0.000,0.000,0.000
966,55.202000,DESCEND,0.022000,1.240,1.228,0.011
967,55.222000,DESCEND,0.020000,1.312,1.302,0.011
968,55.240000,DESCEND,0.018000,0.000,0.000,0.000
969,55.260000,DESCEND,0.020000,1.231,1.219,0.011
970,55.282000,DESCEND,0.022000,0.000,0.000,0.000
971,55.300000,DESCEND,0.018000,1.377,1.366,0.010
972,55.320000,DESCEND,0.020000,1.217,1.208,0.009
973,55.340000,DESCEND,0.020000,0.000,0.000,0.000
974,55.360000,DESCEND,0.020000,1.209,1.202,0.007
975,55.380000,DESCEND,0.020000,0.000,0.000,0.000
976,55.400000,DESCEND,0.020000,1.199,1.196,0.003
977,55.422000,DESCEND,0.022000,1.334,1.332,0.002
978,55.440000,DESCEND,0.018000,0.000,0.000,0.000
979,55.460000,DESCEND,0.020000,1.236,1.239,0.003
980,55.480000,DESCEND,0.020000,0.000,0.000,0.000
981,55.500000,DESCEND,0.020000,1.064,1.070,0.007
982,55.518000,DESCEND,0.018000,1.168,1.180,0.013
983,55.540000,DESCEND,0.022000,0.000,0.000,0.000
984,55.560000,DESCEND,0.020000,1.057,1.069,0.012
985,55.576000,DESCEND,0.016000,0.000,0.000,0.000
986,55.602000,DESCEND,0.026000,1.070,1.090,0.020
987,55.620000,DESCEND,0.018000,0.954,0.975,0.020
988,55.642000,DESCEND,0.022000,0.000,0.000,0.000
989,55.660000,DESCEND,0.018000,0.956,0.974,0.018
990,55.680000,DESCEND,0.020000,0.000,0.000,0.000
991,55.700000,DESCEND,0.020000,0.944,0.961,0.016
992,55.720000,DESCEND,0.020000,0.825,0.841,0.016
993,55.740000,DESCEND,0.020000,0.000,0.000,0.000
994,55.758000,DESCEND,0.018000,0.717,0.730,0.013
995,55.782000,DESCEND,0.024000,0.000,0.000,0.000
996,55.802000,DESCEND,0.020000,0.739,0.752,0.012
997,55.822000,DESCEND,0.020000,0.561,0.573,0.012
998,55.838000,DESCEND,0.016000,0.000,0.000,0.000
999,55.862000,DESCEND,0.024000,0.481,0.488,0.007
1000,55.880000,DESCEND,0.018000,0.000,0.000,0.000
1001,55.902000,DESCEND,0.022000,0.614,0.624,0.009
1002,55.922000,DESCEND,0.020000,0.457,0.467,0.010
1003,55.940000,DESCEND,0.018000,0.000,0.000,0.000
1004,55.960000,DESCEND,0.020000,0.400,0.409,0.010
1005,55.980000,DESCEND,0.020000,0.000,0.000,0.000
1006,55.998000,DESCEND,0.018000,0.324,0.334,0.009
1007,56.020000,DESCEND,0.022000,0.290,0.304,0.014
1008,56.040000,DESCEND,0.020000,0.000,0.000,0.000
1009,56.060000,DESCEND,0.020000,0.235,0.248,0.013
1010,56.078000,DESCEND,0.018000,0.000,0.000,0.000
1011,56.100000,DESCEND,0.022000,0.163,0.174,0.011
1012,56.120000,DESCEND,0.020000,0.140,0.148,0.008
1013,56.138000,DESCEND,0.018000,0.000,0.000,0.000
1014,56.160000,DESCEND,0.022000,0.105,0.108,0.003
1015,56.180000,DESCEND,0.020000,0.000,0.000,0.000
1016,56.200000,DESCEND,0.020000,0.064,0.065,0.001
1017,56.220000,DESCEND,0.020000,0.043,0.039,0.003
1018,56.238000,DESCEND,0.018000,0.000,0.000,0.000
1019,56.260000,DESCEND,0.022000,0.035,0.032,0.004
1020,56.280000,DESCEND,0.020000,0.000,0.000,0.000
1021,56.300000,DESCEND,0.020000,0.026,0.022,0.004
1022,56.320000,DESCEND,0.020000,0.024,0.019,0.004
